Txhash,Blockno,UnixTimestamp,DateTime,From,To,ContractAddress,Value_IN(ETH),Value_OUT(ETH),CurrentValue @ $1877.13/Eth,TxnFee(ETH),TxnFee(USD),Historical $Price/Eth,Status,ErrCode,Method
0xa6f52dcb4df51b987cda03e1feb6c2ffdb11e15d188acfff35e919c8b3391428,12206885,1617988009,2021/4/9 17:06,0x3527a204a5260a0e36ca695312379370328e4e6c,,0x835f86ff1670917a786b72d1fd8dcc385e27dd77,0,0,0,0.2760297,518.1436308,2066.55,,,0x60e06040
0x900529c6a6bcf3e650f959bceedcd04a9f8ee151948f59b0937fa7780044e5e0,12207049,1617989957,2021/4/9 17:39,0x286363c05ba757e8739d0f88ee677d3d98521428,0x835f86ff1670917a786b72d1fd8dcc385e27dd77,,0.5,0,938.565,0.01161508,21.80301512,2066.55,,,Create Bid
0x2a811fc97f43916d2c4a868f588197045f87298cff4eb2b27419b6df1bec9566,12207087,1617990526,2021/4/9 17:48,0x17cd072cbd45031efc21da538c783e0ed3b25dcc,0x835f86ff1670917a786b72d1fd8dcc385e27dd77,,1,0,1877.13,0.008076384,15.1604227,2066.55,,,Create Bid
0xfd4c1e1a59f701dabf3a23bbfc714cfc29a98ab0b627886714cb169d2649c43d,12207112,1617990864,2021/4/9 17:54,0x942cbea64876ff0b2e23c0712b37dc0091804e9c,0x835f86ff1670917a786b72d1fd8dcc385e27dd77,,1.23,0,2308.8699,0.007739868,14.52873842,2066.55,,,Create Bid
0x1930f1738e3ab4df42cdb56c2c75f369b047bf85af3a6bc094e6187be1eb09ea,12207168,1617991498,2021/4/9 18:04,0x286363c05ba757e8739d0f88ee677d3d98521428,0x835f86ff1670917a786b72d1fd8dcc385e27dd77,,2,0,3754.26,0.00729118,13.68649271,2066.55,,,Create Bid
0xdc88bc87a47f356a400a5f34f0185bc2771cd4dfca489389d36d3bf68811b9c5,12207244,1617992732,2021/4/9 18:25,0x46301f7e700be9cffce3e5e142a2244df3f2d4f2,0x835f86ff1670917a786b72d1fd8dcc385e27dd77,,2.5,0,4692.825,0.007795954,14.63401913,2066.55,,,Create Bid
0x5bf4aae241bd40e43ac0e148815e3ae6a55ab92594972a2877d662d0f0ef89aa,12207426,1617994941,2021/4/9 19:02,0x7137f0420565e1bcd6abec57e3c4aac05ddcad01,0x835f86ff1670917a786b72d1fd8dcc385e27dd77,,3,0,5631.39,0.0056086,10.52807132,2066.55,,,Create Bid
0x0a9f00afc6f80b148c58fda3c8d47d878c35978cb37ac3cbe8b5c9733a8e126f,12208072,1618003690,2021/4/9 21:28,0x286363c05ba757e8739d0f88ee677d3d98521428,0x835f86ff1670917a786b72d1fd8dcc385e27dd77,,3.33,0,6250.8429,0.00701075,13.16008915,2066.55,,,Create Bid
0x79616369f5b9c28814167c74e5ee43caf625e1c4dfd245d5de3a04909a12ee0c,12208783,1618013202,2021/4/10 0:06,0x46301f7e700be9cffce3e5e142a2244df3f2d4f2,0x835f86ff1670917a786b72d1fd8dcc385e27dd77,,4,0,7508.52,0.006057288,11.37031702,2133.82,,,Create Bid
0x552a5d03c93acd1d43c84b34e716a875d3d0ca4a68313b7b986ae16c2bba0a78,12209170,1618017795,2021/4/10 1:23,0x286363c05ba757e8739d0f88ee677d3d98521428,0x835f86ff1670917a786b72d1fd8dcc385e27dd77,,5,0,9385.65,0.005496428,10.31750989,2133.82,,,Create Bid
0x178342c2da094c9491b103305e662a19c440fa1faacb6a59e67691c07988170d,12209444,1618021867,2021/4/10 2:31,0x94b35d942adabb3c493c58227f5e36e074fdce29,0x835f86ff1670917a786b72d1fd8dcc385e27dd77,,5.5,0,10324.215,0.007878396,14.78877348,2133.82,,,Create Bid
0x8008bf3f1728c04a80587f4fa5a5d6a8199b60eb3e0d84bf5d5c181debfdd3c8,12209445,1618021875,2021/4/10 2:31,0x8a286b1bbfddf7296c497e99d5900005a09831d2,0x835f86ff1670917a786b72d1fd8dcc385e27dd77,,8.888,0,16683.93144,0.006789512,12.74479666,2133.82,,,Create Bid
0x73a2a53c4bd4e0da0eadbd74c3eef4493fc045c6809336f16de830917d35dea9,12209453,1618021935,2021/4/10 2:32,0x94b35d942adabb3c493c58227f5e36e074fdce29,0x835f86ff1670917a786b72d1fd8dcc385e27dd77,,9.78,0,18358.3314,0.0064052,12.02339308,2133.82,,,Create Bid
0x5fd03b85bc643d610caa3a6015a588f794b07a8d53d14456082d41624e049f42,12209465,1618022051,2021/4/10 2:34,0x286363c05ba757e8739d0f88ee677d3d98521428,0x835f86ff1670917a786b72d1fd8dcc385e27dd77,,10.76,0,20197.9188,0.006469252,12.14362701,2133.82,,,Create Bid
0xd6c7ff8d839ffb3446306419732f651aacebdd48c63bcda1fe4da9ba1d1b9be2,12209508,1618022534,2021/4/10 2:42,0x94b35d942adabb3c493c58227f5e36e074fdce29,0x835f86ff1670917a786b72d1fd8dcc385e27dd77,,11.84,0,22225.2192,0.00576468,10.82105377,2133.82,,,Create Bid
0x14f663178678d0af5c26fa9adfd1e455dce9d9630f071bfb4d429560ca746720,12209599,1618023803,2021/4/10 3:03,0xd1d43e08815a1806881454812cb26fe689205682,0x835f86ff1670917a786b72d1fd8dcc385e27dd77,,0,0,0,0.01377854,25.86410992,2133.82,Error(1),Bad instruction,End Auction
0xfd0cea0e2e157af9d7b5d228bee33897671d21b06e71af0c8075588b2a466007,12225366,1618232270,2021/4/12 12:57,0x9c3dcdd0555556d63c93418647e036d21cd7ebdb,0x835f86ff1670917a786b72d1fd8dcc385e27dd77,,0.26,0,488.0538,0.00852397,16.00059981,2137.79,,,Create Bid
0xa0d485b9794d86ff645a16ecf5d59a1d8237bc399095898d7c6b2068b84949a8,12225394,1618232636,2021/4/12 13:03,0x6ab075abfa7cdd7b19fa83663b1f2a83e4a957e3,0x835f86ff1670917a786b72d1fd8dcc385e27dd77,,0.29,0,544.3677,0.004542966,8.527737909,2137.79,,,Create Bid
0x4c85de8afc2a41ba837b9e55cb999ad53c855d62b821457d0cfac0b259fd7f02,12225423,1618233071,2021/4/12 13:11,0x34a4dd196ab83166c8c9935d5a6f60f2a02a905a,0x835f86ff1670917a786b72d1fd8dcc385e27dd77,,0.32,0,600.6816,0.005832944,10.94919417,2137.79,,,Create Bid
0xeb2bbbd595927cadf76decf727125fb4a418fc62d5f48ee8bf0566816084a480,12225453,1618233393,2021/4/12 13:16,0x942cbea64876ff0b2e23c0712b37dc0091804e9c,0x835f86ff1670917a786b72d1fd8dcc385e27dd77,,0.69,0,1295.2197,0.004599052,8.633018634,2137.79,,,Create Bid
0x7182c58735fee05e1d92e8b0b1549691ad1da54a3c401ba7491936f00a5e8246,12225764,1618237631,2021/4/12 14:27,0xbe40dcadb6bf4de1c7810eca3504e5f3bea9cf35,0x835f86ff1670917a786b72d1fd8dcc385e27dd77,,0.76,0,1426.6188,0.00616946,11.58087845,2137.79,,,Create Bid
0x2792fde2bd208fb597d1bdeb4eb9a008e75074bc7f66a5e784d3af5154542fc4,12226003,1618240703,2021/4/12 15:18,0x9a52b0859bcc4feea3ee61c17f67a8c187f40a3c,0x835f86ff1670917a786b72d1fd8dcc385e27dd77,,0.84,0,1576.7892,0.006898578,12.94952772,2137.79,,,Create Bid
0xba085866d2982626a5e8445577f5d1643512dfade3bd409d34cf3454fc2cd17e,12226018,1618240903,2021/4/12 15:21,0xe19558d2b3fabb5c045ddf3b44dc15de18e9cd20,0x835f86ff1670917a786b72d1fd8dcc385e27dd77,,0.95,0,1783.2735,0.006898578,12.94952772,2137.79,,,Create Bid
0x2818de61c347072a2c91545cd0552f5cdf4cdaa3328919af127f5f446b353201,12226238,1618244334,2021/4/12 16:18,0x8146dd07419fcb6ebecfb326f6e9a99c589410f7,0x835f86ff1670917a786b72d1fd8dcc385e27dd77,,1.05,0,1970.9865,0.010549777,19.80330215,2137.79,,,Create Bid
0x370a892099915380f1ed1c2d28bcc2227e50141778baba40df1763db29298b1d,12226254,1618244543,2021/4/12 16:22,0x575631cf31bdebe11961153a7a4ea82c67d9f686,0x835f86ff1670917a786b72d1fd8dcc385e27dd77,,1.045,0,1961.60085,0.005520996,10.36362722,2137.79,Error(0),Reverted,Create Bid
0x24a554f2ebb2e679e0c8711c086a97eef7759857a68c663e9fa8a426924c71d9,12226363,1618246037,2021/4/12 16:47,0x575631cf31bdebe11961153a7a4ea82c67d9f686,0x835f86ff1670917a786b72d1fd8dcc385e27dd77,,1.16,0,2177.4708,0.009198104,17.26603696,2137.79,,,Create Bid
0x13bba993a6572457505a28618dcaa7570d773bd7a50d82e9922819b1db033005,12226384,1618246265,2021/4/12 16:51,0x26a7770431cdea6b75012c3266fdce110c4e5b09,0x835f86ff1670917a786b72d1fd8dcc385e27dd77,,1.28,0,2402.7264,0.011048942,20.7403005,2137.79,,,Create Bid
0xa940c0f4fe7baa5c2cfc68f0abe9128001b2c1f3568873a2c513459a7ad6e641,12226947,1618253294,2021/4/12 18:48,0x173214e11833b79161af7c1a0dc4b6133f26a9fb,0x835f86ff1670917a786b72d1fd8dcc385e27dd77,,1.41,0,2646.7533,0.00616946,11.58087845,2137.79,,,Create Bid
0x7785bc8860167798ec1b00f90bf2a03f3fd76453f2e9956f1c916b6211c87ea9,12228130,1618268604,2021/4/12 23:03,0xecd7499907705c60408dfb46fb490c920217a940,0x835f86ff1670917a786b72d1fd8dcc385e27dd77,,1.56,0,2928.3228,0.004935568,9.26470276,2137.79,,,Create Bid
0x9de3f62c2a325f0de02a684f6c65c933c1c09850daad87ba226efb57ece4b19d,12228555,1618274433,2021/4/13 0:40,0x49778d8bacc80f243250b8de9b40853fb70d9e7b,0x835f86ff1670917a786b72d1fd8dcc385e27dd77,,1.8,0,3378.834,0.005552514,10.4227906,2298.66,,,Create Bid
0x925fe12966542f6592b3afd2d987d5cc7b7481dcdb3d6ca082b5c155b05bb3a1,12228626,1618275381,2021/4/13 0:56,0xecd7499907705c60408dfb46fb490c920217a940,0x835f86ff1670917a786b72d1fd8dcc385e27dd77,,1.99,0,3735.4887,0.005436112,10.20428892,2298.66,Error(0),Out of gas,Create Bid
0x9f495fc7f260302ff82680d8506e612d6d91b3de3acf9b9889a8ddeb731d6c29,12228627,1618275383,2021/4/13 0:56,0x8146dd07419fcb6ebecfb326f6e9a99c589410f7,0x835f86ff1670917a786b72d1fd8dcc385e27dd77,,1.98,0,3716.7174,0.006904806,12.96121774,2298.66,,,Create Bid
0x33a3d1bc19272c00e247d6d77b2319cf0a4e8122e8163998263f055ef205eec5,12228635,1618275518,2021/4/13 0:58,0xecd7499907705c60408dfb46fb490c920217a940,0x835f86ff1670917a786b72d1fd8dcc385e27dd77,,2.19,0,4110.9147,0.005188212,9.738948392,2298.66,,,Create Bid
0xa6168b76b2f3e1119867f6f9a8ec4be1dca8590fd0671798e0a43b3107a1e1e5,12228778,1618277180,2021/4/13 1:26,0xd1d43e08815a1806881454812cb26fe689205682,0x835f86ff1670917a786b72d1fd8dcc385e27dd77,,0,0,0,0.009057707,17.00249354,2298.66,,,End Auction
0xbdd2b81e0d4749743ecd932336fba3963c1bcac0d17b6ac511d1e9c820789b08,12266684,1618783201,2021/4/18 22:00,0xd3e9d60e4e4de615124d5239219f32946d10151d,0x835f86ff1670917a786b72d1fd8dcc385e27dd77,,1,0,1877.13,0.00978912,18.37545083,2240.96,,,Create Bid
0x07ce73f1de7ff98a10202a8639ff476a0e501e34a07200dd0af31ae977d1c116,12266864,1618785547,2021/4/18 22:39,0x0150b0ec3c7b72879fbfdbdd79c18a8368b194e0,0x835f86ff1670917a786b72d1fd8dcc385e27dd77,,3.33333,0,6257.093743,0.00735774,13.81143449,2240.96,,,Create Bid
0xc69524612e68e496c2965fc0bfbc816108f1400e14009c0794719632a1b05675,12273710,1618878027,2021/4/20 0:20,0x2f9b473d4b9f95a5e55f205be1a003b27d24df76,0x835f86ff1670917a786b72d1fd8dcc385e27dd77,,0,0,0,0.022501074,42.23744187,2332.45,,,End Auction
0x48f1c5b947914966e488345bf7219c0218da8b28cd91f7ef401ef5df2f85be7f,12305697,1619303950,2021/4/24 22:39,0x942cbea64876ff0b2e23c0712b37dc0091804e9c,0x835f86ff1670917a786b72d1fd8dcc385e27dd77,,0.5,0,938.565,0.00530244,9.953369197,2216.56,,,Create Bid
0xcc64217e8f5a7fcc9c8cc895f3b432c422624074245592d2aadfc378b0626645,12312345,1619392077,2021/4/25 23:07,0xb0623c91c65621df716ab8afe5f66656b21a9108,0x835f86ff1670917a786b72d1fd8dcc385e27dd77,,0,0,0,0.00526167,9.876838607,2322.14,,,End Auction
0x4c7b0703a25d729adf0e00c097e1d6c68cde7058e8de4ddecc6e4b03c63eb103,12337078,1619722241,2021/4/29 18:50,0xf56345338cb4cddaf915ebef3bfde63e70fe3053,0x835f86ff1670917a786b72d1fd8dcc385e27dd77,,0.25,0,469.2825,0.006031526,11.32195772,2758.46,,,Create Bid
0x3ad89a5eef199aa49f7b9640f7e7f7753b9dacca53e726b0b4bd3e4c52b2c044,12348928,1619880632,2021/5/1 14:50,0xb15f50e5ad35f29bf52601d6629b3de44a3b922e,0x835f86ff1670917a786b72d1fd8dcc385e27dd77,,0.1,0,187.713,0.00377289,7.082205006,2947.8,,,Create Bid
0x17400afe5a20b8b47ff126ba341f412f2d0f0153d2ef012fe13419d1fa1584f6,12354946,1619960614,2021/5/2 13:03,0x9227e6c01b3341a2e7a1675164d8387b69a2955f,0x835f86ff1670917a786b72d1fd8dcc385e27dd77,,0.5,0,938.565,0.001358064,2.549262676,2954.22,,,Create Bid
0x80dc2d8532fde37759cfba11026eadda8e2b210c0d7abb6b101f6f14529c0260,12355323,1619966070,2021/5/2 14:34,0xdf290293c4a4d6ebe38fd7085d7721041f927e0a,0x835f86ff1670917a786b72d1fd8dcc385e27dd77,,0.75,0,1407.8475,0.002376612,4.461209684,2954.22,,,Create Bid
0x0f99808b438c602e4ebd72eb1c7d1bcf7a9adf5b65962447e892a1161ebd2c89,12355391,1619966925,2021/5/2 14:48,0x9227e6c01b3341a2e7a1675164d8387b69a2955f,0x835f86ff1670917a786b72d1fd8dcc385e27dd77,,1,0,1877.13,0.002602956,4.886086796,2954.22,,,Create Bid
0x45e8b389e089f769863f1a21c2e48c1e84cb26e045d28dde8eac703f715e01dc,12355391,1619966925,2021/5/2 14:48,0x9227e6c01b3341a2e7a1675164d8387b69a2955f,0x835f86ff1670917a786b72d1fd8dcc385e27dd77,,1,0,1877.13,0.001754055,3.292589262,2954.22,Error(0),Reverted,Create Bid
0x866b31af0480550b1bd0734a306b2f194532869022369d34a13997ae267bd1a4,12355394,1619966986,2021/5/2 14:49,0xdf290293c4a4d6ebe38fd7085d7721041f927e0a,0x835f86ff1670917a786b72d1fd8dcc385e27dd77,,1.25,0,2346.4125,0.002376612,4.461209684,2954.22,,,Create Bid
0x41528d711b6e0effe3a959258f80184f2458f74e2d7b8e90d1bf9af2fec13788,12358995,1620015288,2021/5/3 4:14,0xc63a26a74326076feb89040586ffcdced3b42bf5,0x835f86ff1670917a786b72d1fd8dcc385e27dd77,,0.01,0,18.7713,0.003160698,5.933041037,3432.21,,,Create Bid
0x90d05ec98d518bfee4a1ed9342546cad3527b7616758e891110818fb30aa12c3,12361420,1620047468,2021/5/3 13:11,0x88f5d29b88664371401b6786a01db137fc5fca61,0x835f86ff1670917a786b72d1fd8dcc385e27dd77,,0.05,0,93.8565,0.002489256,4.672657115,3432.21,,,Create Bid
0xa52038ec4c74b9de7a5b19abb71bfd5ac0e8bfa1c186e8447ed0ce610bf23505,12361557,1620049168,2021/5/3 13:39,0x3527a204a5260a0e36ca695312379370328e4e6c,0x835f86ff1670917a786b72d1fd8dcc385e27dd77,,0.1,0,187.713,0.002885886,5.417183187,3432.21,,,Create Bid
0xbcfd6da28cd5021734af2a8a58254d6220544b7c23f951e29d54eec36f31cb70,12361590,1620049570,2021/5/3 13:46,0x7558b9a644ccd3c815f7b717213dff0b0a9b0f98,0x835f86ff1670917a786b72d1fd8dcc385e27dd77,,0.09,0,168.9417,0.001520181,2.853577361,3432.21,Error(0),Reverted,Create Bid
0xa00ec6f5d5f3793e13b34618fbf549b0d0bc9638331efee21c4e34ebb8afc196,12361600,1620049722,2021/5/3 13:48,0x7558b9a644ccd3c815f7b717213dff0b0a9b0f98,0x835f86ff1670917a786b72d1fd8dcc385e27dd77,,0.1,0,187.713,0.00194895,3.658432514,3432.21,Error(0),Reverted,Create Bid
0xab31001cec5618fb6b20cf6c53c63e6bcac91dbd11f7d5f657edc924aa300513,12361600,1620049722,2021/5/3 13:48,0x7558b9a644ccd3c815f7b717213dff0b0a9b0f98,0x835f86ff1670917a786b72d1fd8dcc385e27dd77,,0.2,0,375.426,0.00254637,4.779867518,3432.21,,,Create Bid
0xb31473c283e67b3bebcec42578bf9415b2c507ab9eadb3de25807927a70c38ac,12361665,1620050612,2021/5/3 14:03,0x098b160335b64f42a18460a21fa42cc1262a3b26,0x835f86ff1670917a786b72d1fd8dcc385e27dd77,,0.23,0,431.7399,0.002602956,4.886086796,3432.21,,,Create Bid
0xfe1973f44343bd39067c378b9a31a8b850019a71b86fcab18d44300f2d9ffb84,12361913,1620053817,2021/5/3 14:56,0x88f5d29b88664371401b6786a01db137fc5fca61,0x835f86ff1670917a786b72d1fd8dcc385e27dd77,,0.42,0,788.3946,0.002206854,4.142551849,3432.21,,,Create Bid
0x7d2ed650bec0dac38d97484bf468f6d7bedf31a3648d253e2b548c3702b6838c,12361951,1620054232,2021/5/3 15:03,0x59568f56acb6d31e3ee61c9883075640fd20f08f,0x835f86ff1670917a786b72d1fd8dcc385e27dd77,,0.5,0,938.565,0.002427539,4.556807034,3432.21,,,Create Bid
0xd21a467a33fe8f79e8e63b03ccdfb87569904cc3896b35b0ee66ee693fda84e8,12362227,1620058199,2021/5/3 16:09,0x963e02b0dcf2abe43adf4c56c452fc717e3db27d,0x835f86ff1670917a786b72d1fd8dcc385e27dd77,,0.6,0,1126.278,0.002942472,5.523402465,3432.21,,,Create Bid
0x0168284119f7b5dd3762a4fa454c62278d85a14ec50fcc17602893db64688c6c,12362329,1620059420,2021/5/3 16:30,0x7558b9a644ccd3c815f7b717213dff0b0a9b0f98,0x835f86ff1670917a786b72d1fd8dcc385e27dd77,,1,0,1877.13,0.004074192,7.647788029,3432.21,,,Create Bid
0x729d2d571e62d8da116c5bc98edb7b94c3cf3ecaf4897221bcf7bd28984a2900,12362977,1620067928,2021/5/3 18:52,0x9922faf43ce692d88d5a29219d859a37b1725e34,0x835f86ff1670917a786b72d1fd8dcc385e27dd77,,1.11,0,2083.6143,0.006411194,12.03464422,3432.21,,,Create Bid
0x5e46c7c6cea744a33f5a46b3b3d39037784b043423b12f6e5f4be526085cf963,12363369,1620073338,2021/5/3 20:22,0x46301f7e700be9cffce3e5e142a2244df3f2d4f2,0x835f86ff1670917a786b72d1fd8dcc385e27dd77,,1.25,0,2346.4125,0.005884944,11.04680493,3432.21,,,Create Bid
0x7f50148383ad9ca741cb7212f0bd1e17d9189014f5527b55019f343ae4166a2b,12363385,1620073566,2021/5/3 20:26,0x51980834e7e30fcb31869e73703d26a2d78ba3bd,0x835f86ff1670917a786b72d1fd8dcc385e27dd77,,1.38,0,2590.4394,0.005664259,10.63254975,3432.21,,,Create Bid
0x5f19883c096f5ccb7c169dd1b1b4e264593d0f68505443c68b9baab01f9a55ad,12363554,1620075755,2021/5/3 21:02,0x1e341aa44c293d95d13d778492d417d1be4e63d5,0x835f86ff1670917a786b72d1fd8dcc385e27dd77,,1,0,1877.13,0.00938124,17.60980704,3432.21,,,Create Bid
0xdbeddb120be3f3ad48712af87002440879b7fdbe0e0c4a37c415a2decc82bc93,12363559,1620075817,2021/5/3 21:03,0xeb2f997d0f6e47acfbf98729317f6a1dd73f80c0,0x835f86ff1670917a786b72d1fd8dcc385e27dd77,,1,0,1877.13,0.00764775,14.35582096,3432.21,,,Create Bid
0x0912641126b78b4c0992ae5da15ec51a729d5bde74f724fcec27fc641bbee274,12363564,1620075873,2021/5/3 21:04,0xa8672c3cef0dce305102f20ac820c921c91ff7e2,0x835f86ff1670917a786b72d1fd8dcc385e27dd77,,1,0,1877.13,0.00785169,14.73864285,3432.21,,,Create Bid
0x08dc48527d9a69da641611a35a3022b5c682788f74a27cdd010488a883a16ae2,12363602,1620076416,2021/5/3 21:13,0xeb54d707252ee9e26e6a4073680bf71154ce7ab5,0x835f86ff1670917a786b72d1fd8dcc385e27dd77,,1.11,0,2083.6143,0.004696638,8.816200089,3432.21,,,Create Bid
0x65fba8064e57122befeb45ec9529b5cb6b853c64037532f4b38627f461512263,12363628,1620076838,2021/5/3 21:20,0xa8672c3cef0dce305102f20ac820c921c91ff7e2,0x835f86ff1670917a786b72d1fd8dcc385e27dd77,,1.23,0,2308.8699,0.005488842,10.30326998,3432.21,,,Create Bid
0x23783de37037066ebc5cd0745c5adac55b4860ec0634532ed5af477ae0b18da7,12363735,1620078081,2021/5/3 21:41,0x46301f7e700be9cffce3e5e142a2244df3f2d4f2,0x835f86ff1670917a786b72d1fd8dcc385e27dd77,,1.5,0,2815.695,0.004979568,9.34729648,3432.21,,,Create Bid
0x093cbd7013d55ad5fbe062c6cf33c8289a6ad78e87e69c2efeb19c7d2684b9bb,12363748,1620078182,2021/5/3 21:43,0x1e341aa44c293d95d13d778492d417d1be4e63d5,0x835f86ff1670917a786b72d1fd8dcc385e27dd77,,1.65,0,3097.2645,0.00480981,9.028638645,3432.21,,,Create Bid
0xa7d2e611ba0429d96d0e3da45193dbaf30dfbcc005b2295c4f1ec3a6194c2a10,12363760,1620078355,2021/5/3 21:45,0xa8672c3cef0dce305102f20ac820c921c91ff7e2,0x835f86ff1670917a786b72d1fd8dcc385e27dd77,,1.69,0,3172.3497,0.003936879,7.390033677,3432.21,Error(0),Reverted,Create Bid
0xe45371674af5b5597444b224fdeb8dd5c0274aa138098efb56c52f93f6a6e56e,12363766,1620078446,2021/5/3 21:47,0xa8672c3cef0dce305102f20ac820c921c91ff7e2,0x835f86ff1670917a786b72d1fd8dcc385e27dd77,,1.85,0,3472.6905,0.004515563,8.476298399,3432.21,,,Create Bid
0xb4889e71725d8e4458d915a7587706debb97a6b32daf10eb35ef94cf515100c8,12363794,1620078894,2021/5/3 21:54,0x1e341aa44c293d95d13d778492d417d1be4e63d5,0x835f86ff1670917a786b72d1fd8dcc385e27dd77,,2.04,0,3829.3452,0.00537567,10.09083143,3432.21,,,Create Bid
0x32add2dc1942d4757882cd544713b042d32e7a71ac849d7d1c9d1df378bc0949,12363826,1620079342,2021/5/3 22:02,0xa8672c3cef0dce305102f20ac820c921c91ff7e2,0x835f86ff1670917a786b72d1fd8dcc385e27dd77,,2.5,0,4692.825,0.005064447,9.506625397,3432.21,,,Create Bid
0x6e1b34dcac1d05b49fdfcf7606aca15be47d3c750583e78ae35baa62427140ac,12363893,1620080268,2021/5/3 22:17,0x1e341aa44c293d95d13d778492d417d1be4e63d5,0x835f86ff1670917a786b72d1fd8dcc385e27dd77,,2.75,0,5162.1075,0.006450804,12.10899771,3432.21,,,Create Bid
0xcb26ca509913bfa6667d4ef3546815f644897598acb5c60c5428d9af6109989a,12363924,1620080674,2021/5/3 22:24,0xa8672c3cef0dce305102f20ac820c921c91ff7e2,0x835f86ff1670917a786b72d1fd8dcc385e27dd77,,3.03,0,5687.7039,0.0056586,10.62192782,3432.21,,,Create Bid
0xf4292e5dd88f8614d3989dd75cb7783310d46c114fc138197bdfaaa4e22c057c,12364198,1620084377,2021/5/3 23:26,0x59568f56acb6d31e3ee61c9883075640fd20f08f,0x835f86ff1670917a786b72d1fd8dcc385e27dd77,,1.52,0,2853.2376,0.005041813,9.464137686,3432.21,,,Create Bid
0xbe05aa4bf8bbfa33f06658465447aaf3ec37e679706c083ad35444f20def179f,12364476,1620087871,2021/5/4 0:24,0x3b5c6bb0a1c9d6918b406b147735f7f87328de14,0x835f86ff1670917a786b72d1fd8dcc385e27dd77,,0.66,0,1238.9058,0.002221803,4.170613065,3241.09,Error(0),Reverted,Create Bid
0x3770dc4177cb3d6d5e32e3cbad0e0e20c0b8703364a89c5c9b6d13fcd8b8cbeb,12364476,1620087871,2021/5/4 0:24,0x3b5c6bb0a1c9d6918b406b147735f7f87328de14,0x835f86ff1670917a786b72d1fd8dcc385e27dd77,,0.66,0,1238.9058,0.002377719,4.463287666,3241.09,Error(0),Reverted,Create Bid
0x43c96128b913811ae36c4ce865baa352bb720b627b80f17e98689dd27db9a1e9,12364476,1620087871,2021/5/4 0:24,0x3b5c6bb0a1c9d6918b406b147735f7f87328de14,0x835f86ff1670917a786b72d1fd8dcc385e27dd77,,1.11,0,2083.6143,0.002494656,4.682793617,3241.09,Error(0),Reverted,Create Bid
0xa80d3e6c7fc3c324abe40702fc653615351fd28ce80b21f97db53c4722c74fda,12364492,1620088002,2021/5/4 0:26,0x963e02b0dcf2abe43adf4c56c452fc717e3db27d,0x835f86ff1670917a786b72d1fd8dcc385e27dd77,,0.6,0,1126.278,0.002073098,3.891474665,3241.09,Error(0),Reverted,Create Bid
0x94e40d5278b39cd4c883ac0a25ff6e32aa1f918113d784b8f1f181677cb422ea,12364528,1620088547,2021/5/4 0:35,0x167539702b5501aadd9b0b85e53532fd57cc71a9,0x835f86ff1670917a786b72d1fd8dcc385e27dd77,,1.68,0,3153.5784,0.00424395,7.966445864,3241.09,,,Create Bid
0xf22778f14b83ba0b08909f959fb13561a48cf2fad2924ac451ddf312a00736ed,12364692,1620090420,2021/5/4 1:07,0x1e341aa44c293d95d13d778492d417d1be4e63d5,0x835f86ff1670917a786b72d1fd8dcc385e27dd77,,4,0,7508.52,0.004753224,8.922419367,3241.09,,,Create Bid
0xfb32534b10a175922ed18796afdcd1d9b9936e4b011dae4d0068ac76da9ee211,12364815,1620092018,2021/5/4 1:33,0x59568f56acb6d31e3ee61c9883075640fd20f08f,0x835f86ff1670917a786b72d1fd8dcc385e27dd77,,1.85,0,3472.6905,0.003423453,6.42626633,3241.09,,,Create Bid
0x291082005841efbe2800a0f2d992e736f77f4de91298281c62d0d5ef1d7f2640,12365086,1620095586,2021/5/4 2:33,0xe3ddd0f693252fe30be908aad23fb0621f0258c1,0x835f86ff1670917a786b72d1fd8dcc385e27dd77,,3,0,5631.39,0.003298964,6.192583918,3241.09,,,Create Bid
0x3b9d08e2add306fad4daf24f0a88c2adb44e45ab9ea2f6ac16306885eacda877,12365270,1620097717,2021/5/4 3:08,0x318052a33707cef55df8446044325f921421716e,0x835f86ff1670917a786b72d1fd8dcc385e27dd77,,3.5,0,6569.955,0.002320026,4.354990405,3241.09,,,Create Bid
0x1751f8815e4a6ad48cf3d9244db1515bff8efeec5d8047e95cd7926d2f92a351,12367411,1620126835,2021/5/4 11:13,0x59568f56acb6d31e3ee61c9883075640fd20f08f,0x835f86ff1670917a786b72d1fd8dcc385e27dd77,,4.2,0,7883.946,0.002427539,4.556807034,3241.09,,,Create Bid
0x802c06d18ac48e97cd3296e2bed1662aa73f749d5bbf0c52eeef423753d7de5c,12368966,1620147420,2021/5/4 16:57,0x090c847ae5623cb7c538be34fe470b0c824b181f,0x835f86ff1670917a786b72d1fd8dcc385e27dd77,,0.5,0,938.565,0.011089238,20.81594039,3241.09,,,Create Bid
0x424d9b28787ef05bea2d3e3e3732bf970387c982db08a4602dac1be307536225,12369199,1620150429,2021/5/4 17:47,0x621f2a5ef987e064e76da1eb378e7193cefc0baa,0x835f86ff1670917a786b72d1fd8dcc385e27dd77,,1,0,1877.13,0.004979568,9.34729648,3241.09,,,Create Bid
0x86bd3ad7e6c67d486857726cea642985abd56882350227ab02c684acbe195c28,12369323,1620152128,2021/5/4 18:15,0x3e099af007cab8233d44782d8e6fe80fecdc321e,0x835f86ff1670917a786b72d1fd8dcc385e27dd77,,1.11,0,2083.6143,0.004130778,7.754007307,3241.09,,,Create Bid
0xc913a92df76371bf9cb7936ac3b30e3e141943f2c311e729015d1ab5d73bd09d,12369356,1620152596,2021/5/4 18:23,0x621f2a5ef987e064e76da1eb378e7193cefc0baa,0x835f86ff1670917a786b72d1fd8dcc385e27dd77,,1.23,0,2308.8699,0.003485698,6.543107693,3241.09,,,Create Bid
0x6ed41dd3ec729bebf326e239b18a1cc84cb0301a4aac577b36171a0814fbfb29,12369372,1620152849,2021/5/4 18:27,0x3e099af007cab8233d44782d8e6fe80fecdc321e,0x835f86ff1670917a786b72d1fd8dcc385e27dd77,,1.77,0,3322.5201,0.004130778,7.754007307,3241.09,,,Create Bid
0x105e28a5521442ea93c958417335590f5cb6a110dda7331050248dd70013ddd8,12369447,1620154191,2021/5/4 18:49,0x621f2a5ef987e064e76da1eb378e7193cefc0baa,0x835f86ff1670917a786b72d1fd8dcc385e27dd77,,1.95,0,3660.4035,0.004245082,7.968570249,3241.09,,,Create Bid
0xce7e13887b7f2028d077a81b12743b89f1bfebfbdd10fe0854a4f501d411945d,12369695,1620157412,2021/5/4 19:43,0x46301f7e700be9cffce3e5e142a2244df3f2d4f2,0x835f86ff1670917a786b72d1fd8dcc385e27dd77,,1.11,0,2083.6143,0.003451746,6.479375969,3241.09,,,Create Bid
0x65634919d528910503d30305210deb7d981ad2f0a164bc843be05274bd993b64,12369949,1620160401,2021/5/4 20:33,0xa8672c3cef0dce305102f20ac820c921c91ff7e2,0x835f86ff1670917a786b72d1fd8dcc385e27dd77,,5,0,9385.65,0.003168816,5.948279578,3241.09,,,Create Bid
0xc6566391e4b6b7a0c044ad09f4f08818476e98fedaf6e3855d394673863afc5a,12369956,1620160501,2021/5/4 20:35,0x0d610b788a324d3372641a9b7f1ee9f42e83f73c,0x835f86ff1670917a786b72d1fd8dcc385e27dd77,,1.35,0,2534.1255,0.002659542,4.992306074,3241.09,,,Create Bid
0x91d94ce0ca41f23b345e61af6fa8e925db69e3a4d5837b7f94c1bfd1f766146d,12370081,1620162040,2021/5/4 21:00,0x1e341aa44c293d95d13d778492d417d1be4e63d5,0x835f86ff1670917a786b72d1fd8dcc385e27dd77,,5.5,0,10324.215,0.003681472,6.910601535,3241.09,,,Create Bid
0xc6286e0987e527c05fcdab1d766f8ca4201a8fd6f5298f4f896d243bd1885cf0,12370083,1620162057,2021/5/4 21:00,0x1e341aa44c293d95d13d778492d417d1be4e63d5,0x835f86ff1670917a786b72d1fd8dcc385e27dd77,,1.23,0,2308.8699,0.003681472,6.910601535,3241.09,,,Create Bid
0x495113779165cbbf4374176db2c4e7831d932b6857a4b10f6018e926a0798c1f,12370095,1620162203,2021/5/4 21:03,0xa8672c3cef0dce305102f20ac820c921c91ff7e2,0x835f86ff1670917a786b72d1fd8dcc385e27dd77,,1.49,0,2796.9237,0.00318734,5.983051534,3241.09,,,Create Bid
0xbcea0cf7496b6109404fd5b317a8b31d823eb866ed2e9fb1cbd37d651d38f1c3,12370095,1620162203,2021/5/4 21:03,0xa8672c3cef0dce305102f20ac820c921c91ff7e2,0x835f86ff1670917a786b72d1fd8dcc385e27dd77,,6.66,0,12501.6858,0.003247692,6.096340084,3241.09,,,Create Bid
0x82f153c59607dfd259f7d0ca86cc2e0e03b75e7fd81258a314f76763466a4659,12370101,1620162285,2021/5/4 21:04,0x1e341aa44c293d95d13d778492d417d1be4e63d5,0x835f86ff1670917a786b72d1fd8dcc385e27dd77,,7.33,0,13759.3629,0.003681472,6.910601535,3241.09,,,Create Bid
0xf84d24d844260eba7784320b4a1f6c31964a3bf4f8a0d7fd69d1ee044410dff9,12370179,1620163318,2021/5/4 21:21,0x0d610b788a324d3372641a9b7f1ee9f42e83f73c,0x835f86ff1670917a786b72d1fd8dcc385e27dd77,,1.8,0,3378.834,0.0017256,3.239175528,3241.09,Error(0),Reverted,Create Bid
0x78bbeda1bf229cfac2f31085b16c15b8669c2585a2368c8e8ca295683992b864,12370243,1620164282,2021/5/4 21:38,0xfc4852b5e3af65058cdfe1d1dce26946c0c1975f,0x835f86ff1670917a786b72d1fd8dcc385e27dd77,,0,0,0,0.006461125,12.12837214,3241.09,,,End Auction
0x02d8efef66f8e0aedc0da5e9164b2c20c814042326ed9e82176e9d507933ec07,12370300,1620164928,2021/5/4 21:48,0xfc4852b5e3af65058cdfe1d1dce26946c0c1975f,0x835f86ff1670917a786b72d1fd8dcc385e27dd77,,0,0,0,0.005849712,10.98066989,3241.09,,,End Auction
0x0ccb828c05c66bed7681c7bef47f6219892a8a2a9f0660d2fa19d5a24df4f7d7,12370310,1620165064,2021/5/4 21:51,0xfc4852b5e3af65058cdfe1d1dce26946c0c1975f,0x835f86ff1670917a786b72d1fd8dcc385e27dd77,,0,0,0,0.005607162,10.52537201,3241.09,,,End Auction
0x435c678f032ef1b079089b84347322ddd22be71313c69db3cd9e1461caabcde4,12370553,1620168735,2021/5/4 22:52,0xe997b6b720043c2fb35fc67a492427018c9a22ce,0x835f86ff1670917a786b72d1fd8dcc385e27dd77,,4.881989,0,9164.128012,0.003735468,7.011959047,3241.09,,,Create Bid
0x0a4ab448b2dd7de6389e4dafb5e11b58afc8c579f5f983470ab9baeaa458a226,12370573,1620169005,2021/5/4 22:56,0x59568f56acb6d31e3ee61c9883075640fd20f08f,0x835f86ff1670917a786b72d1fd8dcc385e27dd77,,5.38,0,10098.9594,0.004419367,8.295725626,3241.09,,,Create Bid
0x6fad89542c0a412c66d602d27a84cd13d1c404c06df972edf963f40ab8d6e58f,12370609,1620169635,2021/5/4 23:07,0x9bee292e90346b394b2349dbcd2cff6dcd1e9d42,0x835f86ff1670917a786b72d1fd8dcc385e27dd77,,5.92,0,11112.6096,0.003672431,6.893631154,3241.09,,,Create Bid
0xb00ce46f3e4cb5fc1a0f18178687dc81c4498767fa87494f07f694ee554c0ec3,12371186,1620177132,2021/5/5 1:12,0xda3c325ab45b30aeb476b026fe6a777443ca04f3,0x835f86ff1670917a786b72d1fd8dcc385e27dd77,,7.21,0,13534.1073,0.003792058,7.118185834,3522.18,Error(1),Reverted,Create Bid
0x63a35501601b59eadcd00494e580ce1d9f175ae9608fae9b285b2989389736fe,12371226,1620177779,2021/5/5 1:22,0x9bee292e90346b394b2349dbcd2cff6dcd1e9d42,0x835f86ff1670917a786b72d1fd8dcc385e27dd77,,7.94,0,14904.4122,0.003138304,5.891004588,3522.18,,,Create Bid
0x3f8c0f7c8176397b38141b02b38f13b051a5753ea08cc3d5044d53390aa974b2,12371271,1620178439,2021/5/5 1:33,0xda3c325ab45b30aeb476b026fe6a777443ca04f3,0x835f86ff1670917a786b72d1fd8dcc385e27dd77,,8.74,0,16406.1162,0.002534784,4.75811909,3522.18,,,Create Bid
0x92639a349469fbc595611c3d160cfe2c0807a11547274543d664280fa4a34878,12371587,1620182661,2021/5/5 2:44,0xc63a26a74326076feb89040586ffcdced3b42bf5,0x835f86ff1670917a786b72d1fd8dcc385e27dd77,,0,0,0,0.003926122,7.36984139,3522.18,,,End Auction
0x0a757c1bca6e6ee70dc46146ff8eab3dfa16a1357b6f3f4b0dd34f6226c8befa,12381528,1620314844,2021/5/6 15:27,0x5ba02f4ff6af1d9d2af8774d10fd32eb57d4e2e6,0x835f86ff1670917a786b72d1fd8dcc385e27dd77,,0,0,0,0.008267472,15.51911972,3491.74,,,End Auction
0xaa61020048eb7693697e4212a73747ab2e448b9a85288d43c596b3bdd5e18ac7,12397147,1620523388,2021/5/9 1:23,0x2920a3192613d8c42f21b64873dc0ddfcbf018d4,0x835f86ff1670917a786b72d1fd8dcc385e27dd77,,0,0,0,0.011881685,22.30346736,3927.06,,,End Auction
0xda013a4428a43e6dec9d74f45c784a4724934e6c8dc062e81d6d53b2d7f77613,12407867,1620666061,2021/5/10 17:01,0x7fdca0a469ea8b50b92322afc0215b67d56a5e9a,0x835f86ff1670917a786b72d1fd8dcc385e27dd77,,0.1,0,187.713,0.022037793,41.36780162,3946.42,,,Create Bid
0x0aac8fb0d8825b2bcf96c0679c08ae26f5d1ee51b495d601808937c43f69fb14,12408113,1620669376,2021/5/10 17:56,0x34a4dd196ab83166c8c9935d5a6f60f2a02a905a,0x835f86ff1670917a786b72d1fd8dcc385e27dd77,,0.25,0,469.2825,0.03405798,63.931256,3946.42,,,Create Bid
0x4826c3ca373dba17981415e61ffd6f92a65ec0a9671cbd3ae64cc232d41d1857,12408127,1620669574,2021/5/10 17:59,0x0055cd5f017027d10adf4f13332181e6d8d886bb,0x835f86ff1670917a786b72d1fd8dcc385e27dd77,,0.28,0,525.5964,0.018899724,35.47723891,3946.42,,,Create Bid
0x082810b0dc7d7cda363e5a065ad4b2940c700b96263e27197bae73c04cb4f016,12408142,1620669782,2021/5/10 18:03,0x88f5d29b88664371401b6786a01db137fc5fca61,0x835f86ff1670917a786b72d1fd8dcc385e27dd77,,0,0,0,0.007037782,13.21083248,3946.42,Error(0),Reverted,Transfer
0xc7c158c3af5dbe02dfbf9917259a3833781a8c0b4b878aa6528ad2d7535b4cca,12408147,1620669837,2021/5/10 18:03,0x88f5d29b88664371401b6786a01db137fc5fca61,0x835f86ff1670917a786b72d1fd8dcc385e27dd77,,0.31,0,581.9103,0.019295826,36.22077386,3946.42,,,Create Bid
0xa8c2b9b31d7c85b964378580258f307d5b9141feaaa02e21d8ca6eb508ca8d23,12408200,1620670525,2021/5/10 18:15,0xc8f8e2f59dd95ff67c3d39109eca2e2a017d4c8a,0x835f86ff1670917a786b72d1fd8dcc385e27dd77,,0,0,0,0.04015232,75.37112444,3946.42,,,End Auction
0x2f7b710b3311a857492c1f1619371277c577c5b68b54145b37f02c443a004bb5,12408354,1620672571,2021/5/10 18:49,0x34a4dd196ab83166c8c9935d5a6f60f2a02a905a,0x835f86ff1670917a786b72d1fd8dcc385e27dd77,,0.35,0,656.9955,0.018950528,35.57260462,3946.42,,,Create Bid
0xd777e0eecec0b13600ab77146cf26a9ebc7e3cd9e38980bf93c765cf24595414,12408397,1620673054,2021/5/10 18:57,0x0055cd5f017027d10adf4f13332181e6d8d886bb,0x835f86ff1670917a786b72d1fd8dcc385e27dd77,,0.39,0,732.0807,0.016053632,30.13475424,3946.42,,,Create Bid
0xfd901f92164cacb056e3b981364021349b3491afc113ae67d5bca827c137df08,12408415,1620673219,2021/5/10 19:00,0x34a4dd196ab83166c8c9935d5a6f60f2a02a905a,0x835f86ff1670917a786b72d1fd8dcc385e27dd77,,0.43,0,807.1659,0.013820608,25.9430779,3946.42,,,Create Bid
0x0b2da93908f4a814951560dbc9132608ef979996e1cb0990010a8a44d7f1a965,12408444,1620673627,2021/5/10 19:07,0xe19558d2b3fabb5c045ddf3b44dc15de18e9cd20,0x835f86ff1670917a786b72d1fd8dcc385e27dd77,,0.48,0,901.0224,0.015335443,28.78662049,3946.42,,,Create Bid
0x81598a2f5f7fabe3be29d75010f079ce35a1a3f75f97ee369dd0664ac80e4004,12408448,1620673639,2021/5/10 19:07,0xb3634f5b1bf74ce23fe0001b7617ed7393db7923,0x835f86ff1670917a786b72d1fd8dcc385e27dd77,,0.15,0,281.5695,0.012386675,23.25139999,3946.42,,,Create Bid
0x8a1d6f6caab454f6302c4f9b5957287359bb2b74a51b5df8ab838b2ff9d62ae6,12408521,1620674419,2021/5/10 19:20,0xd4a15493a74c75e8ca5abb76ca81bfd4ef18ad42,0x835f86ff1670917a786b72d1fd8dcc385e27dd77,,0.56,0,1051.1928,0.01327744,24.92348095,3946.42,,,Create Bid
0x74f0e3ac8d1de9a8f8535c0025aaff83fdf1fde78551459ad5d8a63407587a92,12408977,1620680472,2021/5/10 21:01,0x2920a3192613d8c42f21b64873dc0ddfcbf018d4,0x835f86ff1670917a786b72d1fd8dcc385e27dd77,,0,0,0,0.029427281,55.23883198,3946.42,,,End Auction
0x3ff800dd5a698774e6ee561aef93551eb25a3b995d280914d8207e788c82bf57,12410232,1620697464,2021/5/11 1:44,0xeb95ff72eab9e8d8fdb545fe15587accf410b42e,0x835f86ff1670917a786b72d1fd8dcc385e27dd77,,0.2,0,375.426,0.014565236,27.3408422,4181.28,,,Create Bid
0x227fdfe74b055b406e8903a3b5d444d70e36574e1f8269ec6dbc6c2dd4f5845b,12410511,1620701219,2021/5/11 2:46,0xcc5ddc8ccd5b1e90bc42f998ec864ead0090a12b,0x835f86ff1670917a786b72d1fd8dcc385e27dd77,,1,0,1877.13,0.02314719,43.45028476,4181.28,,,Create Bid
0xce58e5e9a8e19f40774ae14bdccc28991d907388e6c79af41e461ad31bc74917,12413638,1620743088,2021/5/11 14:24,0xb3634f5b1bf74ce23fe0001b7617ed7393db7923,0x835f86ff1670917a786b72d1fd8dcc385e27dd77,,0.25,0,469.2825,0.021412142,40.19337486,4181.28,,,Create Bid
0xddbc2b975b49211a416db96b746f0fdc80b93ea36546ffa0d6fb9e4aee99f2e5,12414687,1620757124,2021/5/11 18:18,0x9339acfa818da6a0b2a196ef31d67acde156acb0,0x835f86ff1670917a786b72d1fd8dcc385e27dd77,,0.28,0,525.5964,0.013693812,25.70506532,4181.28,,,Create Bid
0xd78c41dc362bccba9060b0186bfd468f4a33bef9796b822c90499a45cc0191ca,12423805,1620879354,2021/5/13 4:15,0x93f9707adb26d98cfc6d73c8840425010afa968b,0x835f86ff1670917a786b72d1fd8dcc385e27dd77,,0.1,0,187.713,0.01386792,26.03188867,3718.99,,,Create Bid
0x3558bf565696bac88d11c30333b48026fbac60203d84bda5995e5c29503d2f98,12428689,1620943552,2021/5/13 22:05,0xeb95ff72eab9e8d8fdb545fe15587accf410b42e,0x835f86ff1670917a786b72d1fd8dcc385e27dd77,,0,0,0,0.014806168,27.79310214,3718.99,,,End Auction
0x4b9a4a80a44f8f4452ccb6af37227f6cdefef0a0b7034939bab171bfa31f81fd,12428777,1620944551,2021/5/13 22:22,0x12427f325c2264e27b64d94ffae5e543e44399fd,0x835f86ff1670917a786b72d1fd8dcc385e27dd77,,0,0,0,0.013686408,25.69116705,3718.99,,,End Auction
0x983fd6da2adfdb0003ed5c7ba9fc92f12847837146f7096d21a9edabb1bef6cb,12434866,1621026205,2021/5/14 21:03,0xf57bcf0e461d6a8e79839293b5e055e975f352b5,0x835f86ff1670917a786b72d1fd8dcc385e27dd77,,0.111,0,208.36143,0.011320002,21.24911535,4087.02,,,Create Bid
0xa9e49b1ea44d5588ec02d965ee3bcf67ead99b8e58f230c830efc59818bc23c4,12471524,1621516636,2021/5/20 13:17,0x5090c4fead5be112b643bc75d61bf42339675448,0x835f86ff1670917a786b72d1fd8dcc385e27dd77,,0,0,0,0.0095532,17.93259832,2772.84,,,Cancel Auction
0xb1cebb55172d88f8f6f454cbfeed38572abcbee225baebe53feb5b77dd7bd352,12478217,1621607632,2021/5/21 14:33,0x1e341aa44c293d95d13d778492d417d1be4e63d5,0x835f86ff1670917a786b72d1fd8dcc385e27dd77,,1,0,1877.13,0.0193743,36.36807976,2435.86,,,Create Bid
0x16b44884e67df3236cc5eb970636e3c22cfc2a18cf3b5729fdd102f460afe239,12491347,1621783253,2021/5/23 15:20,0xeb2f997d0f6e47acfbf98729317f6a1dd73f80c0,0x835f86ff1670917a786b72d1fd8dcc385e27dd77,,1,0,1877.13,0.01050291,19.71532745,2098.57,,,Create Bid
0xa63bda13ce1a7e403cd7c0c62d7b7f03fff71ac6067f59561bf0e1c36f021a7e,12499631,1621893577,2021/5/24 21:59,0x5090c4fead5be112b643bc75d61bf42339675448,0x835f86ff1670917a786b72d1fd8dcc385e27dd77,,0,0,0,0.005520944,10.36352961,2648.77,,,End Auction
0x527e5ee36360ec03a6b07e17a09ca0629e28b67adcc436afe86ca59c9dd1570e,12500462,1621904640,2021/5/25 1:04,0x5090c4fead5be112b643bc75d61bf42339675448,0x835f86ff1670917a786b72d1fd8dcc385e27dd77,,0,0,0,0.004593066,8.621781981,2707.49,,,End Auction
0x0120b56a0856a7b749c15c820c19c64f0b98bc409782fb5f6e1d7b2913054eb8,12518475,1622147190,2021/5/27 20:26,0xabee5597eb23afde43f0b6654cd60ab8329556c7,0x835f86ff1670917a786b72d1fd8dcc385e27dd77,,1,0,1877.13,0.00285516,5.359506491,2742.48,,,Create Bid
0xcc04521e888c13de3b380cb57a67d06b7b7700976353dc86e97af3c153114ce5,12519065,1622154870,2021/5/27 22:34,0x46301f7e700be9cffce3e5e142a2244df3f2d4f2,0x835f86ff1670917a786b72d1fd8dcc385e27dd77,,1.11,0,2083.6143,0.001640994,3.080359067,2742.48,,,Create Bid
0x1b89dcdf80edee954ac6369a538f25a4da16229a8f90bb527e750d30a2b4f762,12520031,1622167401,2021/5/28 2:03,0xc2f82a1f287b5b5aebff7c19e83e0a16cf3bd041,0x835f86ff1670917a786b72d1fd8dcc385e27dd77,,1.231251251,0,2311.218661,0.00198093,3.718463131,2412.36,,,Create Bid
0x9a969381ea7d99f07331c064163478682ca7c89ab3f6143f5c3e02e7f4962ef1,12520035,1622167452,2021/5/28 2:04,0xc2f82a1f287b5b5aebff7c19e83e0a16cf3bd041,0x835f86ff1670917a786b72d1fd8dcc385e27dd77,,1.35,0,2534.1255,0.001364265,2.560902759,2412.36,Error(0),Reverted,Create Bid
0xcd702d758c474eabeb279342f85ab6155024d7512357056e67ba52cc4da7e525,12538217,1622411252,2021/5/30 21:47,0x55e2780588aa5000f464f700d2676fd0a22ee160,0x835f86ff1670917a786b72d1fd8dcc385e27dd77,,0.1,0,187.713,0.00173349,3.253986342,2386.91,,,Create Bid
0x2bc63824554e0a803e8bcd6e2763b0f630b3fac948cb4f49da05c88bc486e5e2,12543843,1622487259,2021/5/31 18:54,0x25cbcfa16e43e58517f80d583087ea89241293e6,0x835f86ff1670917a786b72d1fd8dcc385e27dd77,,0,0,0,0.002376337,4.460693473,2707.38,,,End Auction
0xbb365ff9e9c20bbb71e58793148491091ca8054d4e636e78dc7d43fbcd344a8a,12545334,1622506979,2021/6/1 0:22,0x2ae8c972fb2e6c00dded8986e2dc672ed190da06,0x835f86ff1670917a786b72d1fd8dcc385e27dd77,,0,0,0,0.002362056,4.433886179,2634.23,,,End Auction
0x5e6ba61390f02fecf52db20256c46e73b8014803f9a7c0e6b162ac18c7b842c2,12553764,1622620193,2021/6/2 7:49,0x7405fe24003a50e4f4117d35e9b5a9f5e512fede,0x835f86ff1670917a786b72d1fd8dcc385e27dd77,,0.6942,0,1303.103646,0.002243604,4.211536377,2706.52,,,Create Bid
0x37b76eb209ca5c539b43e961a508746e9dac63eacaa1ab35b66860718f510087,12602509,1623271087,2021/6/9 20:38,0xa83444576f86c8b59a542ec2f286a19ab12c2666,0x835f86ff1670917a786b72d1fd8dcc385e27dd77,,0,0,0,0.0021788,4.089890844,2610.64,,,Cancel Auction
0xe1b04b27e55b759b8055679f8c3f79dfa21d2739cc0c335dac057270d5ba7d3b,12608665,1623353197,2021/6/10 19:26,0x5d3183cb8967e3c9b605dc35081e5778ee462328,0x835f86ff1670917a786b72d1fd8dcc385e27dd77,,1,0,1877.13,0.0020394,3.828218922,2471.56,,,Create Bid
0x63de9b7579781f6f4000f3bd33f9b030ca1febb19c8dec9c81244ea97045c70a,12614704,1623434126,2021/6/11 17:55,0x0150b0ec3c7b72879fbfdbdd79c18a8368b194e0,0x835f86ff1670917a786b72d1fd8dcc385e27dd77,,1.2,0,2252.556,0.00311223,5.8420603,2355.09,,,Create Bid
0xcb3a020f6ecd9b4f1ccefa3375245e454d169a31873ed38b1442829cc1930515,12614993,1623437946,2021/6/11 18:59,0xf23baed3fa39c98c9a6046f3b0c549a543f7c863,0x835f86ff1670917a786b72d1fd8dcc385e27dd77,,1.32,0,2477.8116,0.001403333,2.634238099,2355.09,,,Create Bid
0x2dc4450f75886339497577417fedc2eca633e9c913455ed093e6dbc25f77756c,12630676,1623648147,2021/6/14 5:22,0x1e341aa44c293d95d13d778492d417d1be4e63d5,0x835f86ff1670917a786b72d1fd8dcc385e27dd77,,1,0,1877.13,0.00132561,2.488342299,2582.12,,,Create Bid
0xa0a5179994dd33ccfef7414a93537da27959e1ed0713dd65af3972468399fac0,12647168,1623868266,2021/6/16 18:31,0x5090c4fead5be112b643bc75d61bf42339675448,0x835f86ff1670917a786b72d1fd8dcc385e27dd77,,0,0,0,0.001286186,2.414338326,2367.7,,,End Auction
0xb8093e5030c90e2bc2d4b571d757c970cc303aeaab53463a12ecb45297fa3a3c,12649216,1623896164,2021/6/17 2:16,0x795aff8df356872fa867fa77241bbf27efbd5eba,0x835f86ff1670917a786b72d1fd8dcc385e27dd77,,0.1,0,187.713,0.00142758,2.679753245,2372.31,,,Create Bid
0x45c5cebda71499bbdb27c6d479250fe5efcf504fd3894b4a066b05baa9046355,12652780,1623944302,2021/6/17 15:38,0x8fac841807e21807f511daf3c04a34cd78661f4c,0x835f86ff1670917a786b72d1fd8dcc385e27dd77,,0.1,0,187.713,0.00234531,4.40245176,2372.31,,,Create Bid
0x2d6ca2dda912443c568c3c97e2902c996a5c691f9bbd5b016a514951fe80ee56,12657810,1624010860,2021/6/18 10:07,0x3b3525f60eeea4a1ef554df5425912c2a532875d,0x835f86ff1670917a786b72d1fd8dcc385e27dd77,,0,0,0,0.001239828,2.327318334,2233.57,,,End Auction
0xf7c9b47f1e669731530f2983bb8f09e8b3c448eab6b6ad6fcc28002e3416902d,12659242,1624030948,2021/6/18 15:42,0x3b3525f60eeea4a1ef554df5425912c2a532875d,0x835f86ff1670917a786b72d1fd8dcc385e27dd77,,0,0,0,0.003202889,6.012239029,2233.57,,,End Auction
0x1a017e77f2dfe185bdc983a0042bb1043c05f8d33727cfd8def19186cd11093a,12681967,1624337378,2021/6/22 4:49,0xf9875c1544f2c9aeacec50fed687d984ddaa9d00,0x835f86ff1670917a786b72d1fd8dcc385e27dd77,,0,0,0,0.00635612,11.93126297,1880.83,Error(0),Reverted,End Auction
0x0bc5307387f4295cc60d8f3666128dcaf4f10b8342e831cb7878fa74ca195b70,12976126,1628315646,2021/8/7 5:54,0xb672e9882984dac5b3c9af4f57490ee83139933f,0x835f86ff1670917a786b72d1fd8dcc385e27dd77,,1,0,1877.13,0.00356895,6.699383114,3162.43,,,Create Bid
0xa7596ddd6043a0b425f2b21a66f6fcff254abf5942d60f18e89deca17d42fb64,12992867,1628537421,2021/8/9 19:30,0x9428ca8b5fe52c33bd0bd7222d719d788b6467f4,0x835f86ff1670917a786b72d1fd8dcc385e27dd77,,0,0,0,0.012502011,23.46789991,3164.94,,,End Auction
0x93580d98f84412690aedd021482de9fd62e969015bf8cc7070c9090cf1425a8f,13218235,1631547797,2021/9/13 15:43,0x5090c4fead5be112b643bc75d61bf42339675448,0x835f86ff1670917a786b72d1fd8dcc385e27dd77,,0,0,0,0.011095684,20.82804086,3285.4,,,Cancel Auction
0xb4a6e677cd74634a3748a7ddacae8f60713542efcf7a8e5900507b2c4e95f0ad,13421345,1634283365,2021/10/15 7:36,0x6924686b3dcd04ae8ef91a3feccc262d020f519d,0x835f86ff1670917a786b72d1fd8dcc385e27dd77,,2,0,3754.26,0.009485575,17.80565738,3868.16,,,Create Bid
0xbe11e03dc5cd01b2c1c61fde430f57c9fc2f5371fe7169de771e6025505cb984,13421345,1634283365,2021/10/15 7:36,0x6924686b3dcd04ae8ef91a3feccc262d020f519d,0x835f86ff1670917a786b72d1fd8dcc385e27dd77,,0.1,0,187.713,0.009486691,17.80775303,3868.16,,,Create Bid
0xa929150b140f3ae9acf70ab6c1ae077795342ae18577c55c4390aca3c112649e,13437826,1634505593,2021/10/17 21:19,0x6924686b3dcd04ae8ef91a3feccc262d020f519d,0x835f86ff1670917a786b72d1fd8dcc385e27dd77,,0,0,0,0.017066033,32.03516225,3846.66,,,End Auction
0x423974284e3516b4a0c29bc14f06bd4c5903b5a2123866de44ab6b85071229df,13437831,1634505702,2021/10/17 21:21,0x6924686b3dcd04ae8ef91a3feccc262d020f519d,0x835f86ff1670917a786b72d1fd8dcc385e27dd77,,0,0,0,0.016489674,30.95326134,3846.66,,,End Auction
0xa6b28f4deb925e1bd43531e74ecfcf433a843309ec83235be4faae656336f41c,13437912,1634506791,2021/10/17 21:39,0x6924686b3dcd04ae8ef91a3feccc262d020f519d,0x835f86ff1670917a786b72d1fd8dcc385e27dd77,,0.5,0,938.565,0.007083969,13.2975304,3846.66,,,Create Bid
0x69eb5d57f74567265816b2ff794ee17a4a52d772bbdccc821991bbf7cfcf12f8,13437913,1634506834,2021/10/17 21:40,0x6924686b3dcd04ae8ef91a3feccc262d020f519d,0x835f86ff1670917a786b72d1fd8dcc385e27dd77,,0.5,0,938.565,0.007938923,14.90239002,3846.66,,,Create Bid
0x1dae92f04ab8e2903561d71e3dcb9f34220462b4fc32d14d098bf4b4899e6c7f,13510192,1635484148,2021/10/29 5:09,0x6924686b3dcd04ae8ef91a3feccc262d020f519d,0x835f86ff1670917a786b72d1fd8dcc385e27dd77,,0,0,0,0.022749235,42.70327217,4417.4,,,End Auction
0x0cfceab61de93229c8ff7bc6f5e5c26f84384edd7ad80f9cc9c13836f6622eaf,13510193,1635484167,2021/10/29 5:09,0x6924686b3dcd04ae8ef91a3feccc262d020f519d,0x835f86ff1670917a786b72d1fd8dcc385e27dd77,,0,0,0,0.022590663,42.40561201,4417.4,,,End Auction
0x5a5b2d93b4958e4a4917d37fb32837584fae463af6520de3255e90eb7b907cbe,13686754,1637888208,2021/11/26 0:56,0x88d01d4354da0d65c38b0196c4400525a5eebe17,0x835f86ff1670917a786b72d1fd8dcc385e27dd77,,0,0,0,0.0147624,27.71094411,4042.55,,,End Auction
0xd3c08e190a9de5c5debc2c6b13f98b8663612d359a10b4cda11fdbee569266c2,13686759,1637888245,2021/11/26 0:57,0x88d01d4354da0d65c38b0196c4400525a5eebe17,0x835f86ff1670917a786b72d1fd8dcc385e27dd77,,0,0,0,0.012655727,23.75644416,4042.55,,,End Auction
